"İl ve cinsiyete göre bebek ölümleri, 2009-2023",Unnamed: 1,Unnamed: 2,Unnamed: 3,Unnamed: 4,Unnamed: 5,Unnamed: 6,Unnamed: 7,Unnamed: 8,Unnamed: 9,Unnamed: 10,Unnamed: 11,Unnamed: 12,Unnamed: 13,Unnamed: 14,Unnamed: 15,Unnamed: 16
"Infant deaths by province and sex, 2009-2023",,,,,,,,,,,,,,,,
[İkametgah yerine göre-By the place of usual residence],,,,,,,,,,,,,,,,
,,Yıl-Year,,,,,,,,,,,,,,
İl-Province,Cinsiyet-Sex,2009,2010.0,2011.0,2012.0,2013.0,2014.0,2015.0,2016.0,2017.0,2018.0,2019.0,2020(r),2021(r),2022(r),2023.0
Türkiye-Türkiye,Toplam-Total,17607,15164.0,14567.0,14974.0,14027.0,14951.0,13677.0,12910.0,12134.0,11718.0,11022.0,9762,10107,9555,9575.0
,Erkek-Male,9541,8242.0,7843.0,8022.0,7601.0,8212.0,7440.0,6994.0,6598.0,6360.0,6065.0,5391,5502,5310,5282.0
,Kadın-Female,8066,6922.0,6724.0,6952.0,6426.0,6739.0,6237.0,5916.0,5536.0,5358.0,4957.0,4371,4605,4245,4293.0
,,,,,,,,,,,,,,,,
Adana,Toplam-Total,566,480.0,490.0,452.0,538.0,527.0,395.0,380.0,340.0,293.0,286.0,290,354,325,306.0
,Erkek-Male,298,259.0,272.0,225.0,296.0,303.0,226.0,224.0,178.0,146.0,159.0,152,199,190,178.0
,Kadın-Female,268,221.0,218.0,227.0,242.0,224.0,169.0,156.0,162.0,147.0,127.0,138,155,135,128.0
,,,,,,,,,,,,,,,,
Adıyaman,Toplam-Total,232,189.0,194.0,191.0,167.0,165.0,150.0,171.0,145.0,134.0,136.0,108,135,112,198.0
,Erkek-Male,120,101.0,101.0,106.0,102.0,91.0,76.0,86.0,81.0,77.0,75.0,55,61,57,95.0
,Kadın-Female,112,88.0,93.0,85.0,65.0,74.0,74.0,85.0,64.0,57.0,61.0,53,74,55,103.0
,,,,,,,,,,,,,,,,
Afyonkarahisar,Toplam-Total,179,131.0,135.0,161.0,136.0,108.0,107.0,98.0,89.0,96.0,91.0,79,74,78,58.0
,Erkek-Male,89,64.0,81.0,91.0,70.0,55.0,56.0,65.0,50.0,54.0,58.0,47,42,38,32.0
,Kadın-Female,90,67.0,54.0,70.0,66.0,53.0,51.0,33.0,39.0,42.0,33.0,32,32,40,26.0
,,,,,,,,,,,,,,,,
Ağrı,Toplam-Total,207,285.0,375.0,300.0,273.0,242.0,244.0,223.0,198.0,165.0,151.0,134,162,107,99.0
,Erkek-Male,115,156.0,195.0,178.0,145.0,114.0,129.0,121.0,90.0,92.0,90.0,69,82,52,54.0
,Kadın-Female,92,129.0,180.0,122.0,128.0,128.0,115.0,102.0,108.0,73.0,61.0,65,80,55,45.0
,,,,,,,,,,,,,,,,
Amasya,Toplam-Total,51,36.0,36.0,38.0,27.0,60.0,33.0,31.0,21.0,28.0,30.0,30,15,24,27.0
,Erkek-Male,30,16.0,18.0,21.0,15.0,34.0,20.0,15.0,15.0,19.0,14.0,18,6,14,17.0
,Kadın-Female,21,20.0,18.0,17.0,12.0,26.0,13.0,16.0,6.0,9.0,16.0,12,9,10,10.0
,,,,,,,,,,,,,,,,
Ankara,Toplam-Total,699,573.0,638.0,604.0,575.0,531.0,566.0,514.0,545.0,561.0,521.0,442,440,429,453.0
,Erkek-Male,369,324.0,370.0,350.0,306.0,280.0,287.0,276.0,290.0,303.0,295.0,245,261,237,250.0
,Kadın-Female,330,249.0,268.0,254.0,269.0,251.0,279.0,238.0,255.0,258.0,226.0,197,179,192,203.0
,,,,,,,,,,,,,,,,
Antalya,Toplam-Total,365,306.0,259.0,300.0,263.0,309.0,309.0,273.0,247.0,231.0,203.0,171,196,185,151.0
,Erkek-Male,198,173.0,131.0,161.0,152.0,183.0,168.0,146.0,145.0,128.0,110.0,101,111,95,73.0
,Kadın-Female,167,133.0,128.0,139.0,111.0,126.0,141.0,127.0,102.0,103.0,93.0,70,85,90,78.0
,,,,,,,,,,,,,,,,
Artvin,Toplam-Total,20,19.0,29.0,22.0,16.0,16.0,15.0,11.0,19.0,16.0,10.0,8,8,10,7.0
,Erkek-Male,13,6.0,19.0,6.0,9.0,6.0,9.0,7.0,8.0,11.0,5.0,6,4,6,6.0
,Kadın-Female,7,13.0,10.0,16.0,7.0,10.0,6.0,4.0,11.0,5.0,5.0,2,4,4,1.0
,,,,,,,,,,,,,,,,
Aydın,Toplam-Total,168,173.0,142.0,155.0,121.0,124.0,117.0,107.0,103.0,111.0,95.0,73,84,74,68.0
,Erkek-Male,85,98.0,88.0,91.0,64.0,71.0,59.0,47.0,59.0,61.0,52.0,40,47,36,42.0
,Kadın-Female,83,75.0,54.0,64.0,57.0,53.0,58.0,60.0,44.0,50.0,43.0,33,37,38,26.0
,,,,,,,,,,,,,,,,
Balıkesir,Toplam-Total,182,142.0,114.0,174.0,106.0,98.0,114.0,84.0,94.0,90.0,88.0,84,75,73,69.0
,Erkek-Male,104,81.0,66.0,88.0,59.0,57.0,67.0,47.0,60.0,48.0,53.0,50,40,38,43.0
,Kadın-Female,78,61.0,48.0,86.0,47.0,41.0,47.0,37.0,34.0,42.0,35.0,34,35,35,26.0
,,,,,,,,,,,,,,,,
Bilecik,Toplam-Total,27,19.0,20.0,27.0,26.0,24.0,24.0,21.0,27.0,22.0,14.0,18,9,12,12.0
,Erkek-Male,18,13.0,10.0,12.0,13.0,18.0,17.0,10.0,18.0,12.0,10.0,7,6,8,9.0
,Kadın-Female,9,6.0,10.0,15.0,13.0,6.0,7.0,11.0,9.0,10.0,4.0,11,3,4,3.0
,,,,,,,,,,,,,,,,
Bingöl,Toplam-Total,89,94.0,86.0,98.0,85.0,85.0,70.0,101.0,68.0,53.0,48.0,44,57,49,50.0
,Erkek-Male,46,41.0,41.0,51.0,55.0,39.0,37.0,50.0,37.0,26.0,19.0,23,30,24,29.0
,Kadın-Female,43,53.0,45.0,47.0,30.0,46.0,33.0,51.0,31.0,27.0,29.0,21,27,25,21.0
,,,,,,,,,,,,,,,,
Bitlis,Toplam-Total,124,115.0,106.0,123.0,136.0,130.0,138.0,109.0,125.0,83.0,110.0,110,101,95,77.0
,Erkek-Male,72,49.0,52.0,58.0,64.0,58.0,68.0,53.0,61.0,40.0,67.0,57,53,50,38.0
,Kadın-Female,52,66.0,54.0,65.0,72.0,72.0,70.0,56.0,64.0,43.0,43.0,53,48,45,39.0
,,,,,,,,,,,,,,,,
Bolu,Toplam-Total,34,36.0,23.0,33.0,36.0,24.0,29.0,24.0,19.0,29.0,21.0,24,20,16,17.0
,Erkek-Male,18,19.0,16.0,15.0,22.0,18.0,15.0,17.0,13.0,16.0,8.0,13,11,11,11.0
,Kadın-Female,16,17.0,7.0,18.0,14.0,6.0,14.0,7.0,6.0,13.0,13.0,11,9,5,6.0
,,,,,,,,,,,,,,,,
Burdur,Toplam-Total,38,42.0,30.0,24.0,27.0,44.0,28.0,26.0,29.0,22.0,28.0,14,26,14,20.0
,Erkek-Male,20,25.0,15.0,16.0,17.0,24.0,16.0,12.0,18.0,11.0,15.0,8,14,8,14.0
,Kadın-Female,18,17.0,15.0,8.0,10.0,20.0,12.0,14.0,11.0,11.0,13.0,6,12,6,6.0
,,,,,,,,,,,,,,,,
Bursa,Toplam-Total,486,382.0,387.0,354.0,319.0,373.0,331.0,365.0,290.0,313.0,248.0,230,259,216,217.0
,Erkek-Male,258,220.0,203.0,204.0,188.0,209.0,203.0,201.0,170.0,183.0,135.0,131,148,123,124.0
,Kadın-Female,228,162.0,184.0,150.0,131.0,164.0,128.0,164.0,120.0,130.0,113.0,99,111,93,93.0
,,,,,,,,,,,,,,,,
Çanakkale,Toplam-Total,86,61.0,59.0,73.0,60.0,41.0,36.0,34.0,35.0,28.0,37.0,32,33,19,23.0
,Erkek-Male,57,38.0,38.0,44.0,30.0,26.0,18.0,14.0,23.0,15.0,22.0,21,21,9,14.0
,Kadın-Female,29,23.0,21.0,29.0,30.0,15.0,18.0,20.0,12.0,13.0,15.0,11,12,10,9.0
,,,,,,,,,,,,,,,,
Çankırı,Toplam-Total,30,25.0,18.0,21.0,23.0,23.0,15.0,28.0,10.0,31.0,16.0,20,18,13,12.0
,Erkek-Male,17,10.0,10.0,13.0,13.0,15.0,9.0,15.0,5.0,14.0,6.0,9,10,9,7.0
,Kadın-Female,13,15.0,8.0,8.0,10.0,8.0,6.0,13.0,5.0,17.0,10.0,11,8,4,5.0
,,,,,,,,,,,,,,,,
Çorum,Toplam-Total,107,79.0,78.0,70.0,56.0,69.0,61.0,46.0,41.0,48.0,55.0,25,24,41,39.0
,Erkek-Male,59,37.0,43.0,36.0,32.0,39.0,31.0,27.0,23.0,29.0,25.0,12,15,18,20.0
,Kadın-Female,48,42.0,35.0,34.0,24.0,30.0,30.0,19.0,18.0,19.0,30.0,13,9,23,19.0
,,,,,,,,,,,,,,,,
Denizli,Toplam-Total,196,136.0,148.0,146.0,112.0,111.0,128.0,122.0,104.0,127.0,100.0,86,88,99,69.0
,Erkek-Male,93,68.0,79.0,77.0,67.0,46.0,74.0,69.0,64.0,68.0,53.0,48,41,63,34.0
,Kadın-Female,103,68.0,69.0,69.0,45.0,65.0,54.0,53.0,40.0,59.0,47.0,38,47,36,35.0
,,,,,,,,,,,,,,,,
Diyarbakır,Toplam-Total,624,541.0,561.0,626.0,594.0,618.0,498.0,461.0,429.0,416.0,343.0,333,385,355,391.0
,Erkek-Male,334,281.0,298.0,345.0,313.0,339.0,263.0,228.0,213.0,203.0,191.0,169,203,181,213.0
,Kadın-Female,290,260.0,263.0,281.0,281.0,279.0,235.0,233.0,216.0,213.0,152.0,164,182,174,178.0
,,,,,,,,,,,,,,,,
Edirne,Toplam-Total,38,38.0,30.0,33.0,33.0,28.0,23.0,27.0,23.0,25.0,26.0,24,23,17,30.0
,Erkek-Male,19,26.0,12.0,17.0,22.0,13.0,14.0,12.0,11.0,12.0,11.0,16,14,6,19.0
,Kadın-Female,19,12.0,18.0,16.0,11.0,15.0,9.0,15.0,12.0,13.0,15.0,8,9,11,11.0
,,,,,,,,,,,,,,,,
Elazığ,Toplam-Total,161,129.0,104.0,129.0,137.0,105.0,102.0,108.0,97.0,76.0,81.0,89,65,67,73.0
,Erkek-Male,77,79.0,58.0,62.0,78.0,52.0,47.0,48.0,49.0,42.0,36.0,53,29,36,33.0
,Kadın-Female,84,50.0,46.0,67.0,59.0,53.0,55.0,60.0,48.0,34.0,45.0,36,36,31,40.0
,,,,,,,,,,,,,,,,
Erzincan,Toplam-Total,36,38.0,27.0,27.0,35.0,27.0,21.0,22.0,25.0,21.0,22.0,20,19,16,14.0
,Erkek-Male,15,21.0,14.0,15.0,25.0,14.0,10.0,14.0,12.0,7.0,13.0,7,10,11,6.0
,Kadın-Female,21,17.0,13.0,12.0,10.0,13.0,11.0,8.0,13.0,14.0,9.0,13,9,5,8.0
,,,,,,,,,,,,,,,,
Erzurum,Toplam-Total,232,188.0,210.0,173.0,244.0,207.0,208.0,187.0,188.0,139.0,133.0,123,131,101,75.0
,Erkek-Male,112,109.0,106.0,85.0,110.0,102.0,109.0,98.0,106.0,70.0,66.0,55,77,51,44.0
,Kadın-Female,120,79.0,104.0,88.0,134.0,105.0,99.0,89.0,82.0,69.0,67.0,68,54,50,31.0
,,,,,,,,,,,,,,,,
Eskişehir,Toplam-Total,141,81.0,88.0,92.0,101.0,98.0,64.0,86.0,53.0,62.0,64.0,46,57,39,38.0
,Erkek-Male,76,43.0,49.0,48.0,63.0,45.0,34.0,42.0,31.0,35.0,30.0,27,35,19,22.0
,Kadın-Female,65,38.0,39.0,44.0,38.0,53.0,30.0,44.0,22.0,27.0,34.0,19,22,20,16.0
,,,,,,,,,,,,,,,,
Gaziantep,Toplam-Total,919,765.0,735.0,733.0,793.0,861.0,754.0,659.0,608.0,709.0,719.0,574,643,633,621.0
,Erkek-Male,514,421.0,406.0,386.0,430.0,470.0,418.0,349.0,346.0,393.0,419.0,311,357,373,344.0
,Kadın-Female,405,344.0,329.0,347.0,363.0,391.0,336.0,310.0,262.0,316.0,300.0,263,286,260,277.0
,,,,,,,,,,,,,,,,
Giresun,Toplam-Total,57,53.0,49.0,53.0,36.0,45.0,39.0,29.0,36.0,27.0,17.0,23,29,27,26.0
,Erkek-Male,35,26.0,23.0,27.0,16.0,30.0,21.0,18.0,23.0,12.0,5.0,15,14,13,16.0
,Kadın-Female,22,27.0,26.0,26.0,20.0,15.0,18.0,11.0,13.0,15.0,12.0,8,15,14,10.0
,,,,,,,,,,,,,,,,
Gümüşhane,Toplam-Total,31,22.0,16.0,13.0,12.0,25.0,16.0,11.0,12.0,13.0,17.0,15,17,11,16.0
,Erkek-Male,18,11.0,10.0,4.0,8.0,15.0,8.0,9.0,6.0,5.0,7.0,6,7,6,8.0
,Kadın-Female,13,11.0,6.0,9.0,4.0,10.0,8.0,2.0,6.0,8.0,10.0,9,10,5,8.0
,,,,,,,,,,,,,,,,
Hakkari,Toplam-Total,128,101.0,98.0,81.0,94.0,101.0,81.0,86.0,95.0,72.0,76.0,72,78,66,53.0
,Erkek-Male,61,55.0,54.0,44.0,47.0,49.0,43.0,39.0,47.0,37.0,37.0,47,39,38,25.0
,Kadın-Female,67,46.0,44.0,37.0,47.0,52.0,38.0,47.0,48.0,35.0,39.0,25,39,28,28.0
,,,,,,,,,,,,,,,,
Hatay,Toplam-Total,409,365.0,399.0,428.0,335.0,374.0,318.0,337.0,315.0,288.0,303.0,264,232,260,408.0
,Erkek-Male,228,184.0,235.0,223.0,185.0,186.0,176.0,193.0,172.0,160.0,168.0,117,125,149,210.0
,Kadın-Female,181,181.0,164.0,205.0,150.0,188.0,142.0,144.0,143.0,128.0,135.0,147,107,111,198.0
,,,,,,,,,,,,,,,,
Isparta,Toplam-Total,81,87.0,71.0,82.0,58.0,50.0,48.0,50.0,45.0,42.0,35.0,29,35,34,39.0
,Erkek-Male,51,51.0,40.0,37.0,26.0,33.0,32.0,23.0,24.0,20.0,17.0,16,19,16,20.0
,Kadın-Female,30,36.0,31.0,45.0,32.0,17.0,16.0,27.0,21.0,22.0,18.0,13,16,18,19.0
,,,,,,,,,,,,,,,,
Mersin,Toplam-Total,366,306.0,274.0,338.0,319.0,372.0,305.0,265.0,261.0,219.0,218.0,171,152,173,191.0
,Erkek-Male,204,159.0,143.0,172.0,175.0,203.0,168.0,144.0,149.0,116.0,118.0,95,90,99,111.0
,Kadın-Female,162,147.0,131.0,166.0,144.0,169.0,137.0,121.0,112.0,103.0,100.0,76,62,74,80.0
,,,,,,,,,,,,,,,,
İstanbul,Toplam-Total,2405,2062.0,1693.0,1943.0,1840.0,2149.0,1994.0,1916.0,1761.0,1684.0,1547.0,1294,1240,1177,1119.0
,Erkek-Male,1311,1137.0,907.0,1084.0,1020.0,1219.0,1110.0,1040.0,964.0,932.0,878.0,708,677,673,621.0
,Kadın-Female,1094,925.0,786.0,859.0,820.0,930.0,884.0,876.0,797.0,752.0,669.0,586,563,504,498.0
,,,,,,,,,,,,,,,,
İzmir,Toplam-Total,670,489.0,550.0,589.0,379.0,508.0,477.0,390.0,371.0,364.0,357.0,275,341,371,314.0
,Erkek-Male,386,269.0,276.0,324.0,204.0,284.0,249.0,207.0,202.0,204.0,188.0,161,187,198,174.0
,Kadın-Female,284,220.0,274.0,265.0,175.0,224.0,228.0,183.0,169.0,160.0,169.0,114,154,173,140.0
,,,,,,,,,,,,,,,,
Kars,Toplam-Total,59,94.0,103.0,86.0,97.0,77.0,90.0,75.0,46.0,57.0,56.0,61,48,50,46.0
,Erkek-Male,30,49.0,47.0,50.0,55.0,44.0,40.0,43.0,23.0,25.0,31.0,38,25,28,25.0
,Kadın-Female,29,45.0,56.0,36.0,42.0,33.0,50.0,32.0,23.0,32.0,25.0,23,23,22,21.0
,,,,,,,,,,,,,,,,
Kastamonu,Toplam-Total,53,50.0,31.0,47.0,37.0,32.0,33.0,25.0,28.0,33.0,28.0,18,17,22,21.0
,Erkek-Male,28,35.0,16.0,25.0,20.0,17.0,14.0,11.0,15.0,18.0,16.0,8,13,10,10.0
,Kadın-Female,25,15.0,15.0,22.0,17.0,15.0,19.0,14.0,13.0,15.0,12.0,10,4,12,11.0
,,,,,,,,,,,,,,,,
Kayseri,Toplam-Total,223,217.0,227.0,257.0,217.0,247.0,254.0,191.0,185.0,212.0,221.0,183,183,181,166.0
,Erkek-Male,133,116.0,125.0,142.0,114.0,127.0,157.0,113.0,101.0,117.0,111.0,92,107,106,92.0
,Kadın-Female,90,101.0,102.0,115.0,103.0,120.0,97.0,78.0,84.0,95.0,110.0,91,76,75,74.0
,,,,,,,,,,,,,,,,
Kırklareli,Toplam-Total,28,22.0,26.0,21.0,37.0,24.0,18.0,22.0,32.0,19.0,22.0,16,18,16,18.0
,Erkek-Male,15,12.0,17.0,11.0,22.0,12.0,13.0,9.0,18.0,11.0,12.0,10,14,12,7.0
,Kadın-Female,13,10.0,9.0,10.0,15.0,12.0,5.0,13.0,14.0,8.0,10.0,6,4,4,11.0
,,,,,,,,,,,,,,,,
Kırşehir,Toplam-Total,28,34.0,32.0,20.0,18.0,20.0,23.0,18.0,27.0,28.0,42.0,27,23,29,21.0
,Erkek-Male,18,18.0,15.0,7.0,10.0,8.0,12.0,12.0,12.0,17.0,26.0,13,12,21,9.0
,Kadın-Female,10,16.0,17.0,13.0,8.0,12.0,11.0,6.0,15.0,11.0,16.0,14,11,8,12.0
,,,,,,,,,,,,,,,,
Kocaeli,Toplam-Total,307,254.0,213.0,268.0,234.0,253.0,240.0,227.0,225.0,256.0,257.0,197,213,198,168.0
,Erkek-Male,172,128.0,119.0,131.0,124.0,148.0,141.0,128.0,132.0,138.0,148.0,121,114,99,91.0
,Kadın-Female,135,126.0,94.0,137.0,110.0,105.0,99.0,99.0,93.0,118.0,109.0,76,99,99,77.0
,,,,,,,,,,,,,,,,
Konya,Toplam-Total,667,609.0,512.0,488.0,419.0,384.0,340.0,339.0,343.0,320.0,260.0,255,251,230,253.0
,Erkek-Male,369,329.0,285.0,260.0,208.0,204.0,191.0,190.0,188.0,162.0,143.0,144,143,143,144.0
,Kadın-Female,298,280.0,227.0,228.0,211.0,180.0,149.0,149.0,155.0,158.0,117.0,111,108,87,109.0
,,,,,,,,,,,,,,,,
Kütahya,Toplam-Total,133,128.0,83.0,88.0,81.0,74.0,72.0,68.0,63.0,44.0,33.0,36,31,36,31.0
,Erkek-Male,72,69.0,41.0,40.0,38.0,43.0,44.0,38.0,35.0,21.0,17.0,22,14,19,20.0
,Kadın-Female,61,59.0,42.0,48.0,43.0,31.0,28.0,30.0,28.0,23.0,16.0,14,17,17,11.0
,,,,,,,,,,,,,,,,
Malatya,Toplam-Total,260,210.0,179.0,239.0,167.0,159.0,122.0,124.0,109.0,117.0,112.0,83,83,64,86.0
,Erkek-Male,132,106.0,105.0,130.0,94.0,77.0,69.0,65.0,68.0,71.0,73.0,50,50,39,49.0
,Kadın-Female,128,104.0,74.0,109.0,73.0,82.0,53.0,59.0,41.0,46.0,39.0,33,33,25,37.0
,,,,,,,,,,,,,,,,
Manisa,Toplam-Total,297,241.0,200.0,237.0,169.0,185.0,175.0,217.0,206.0,204.0,173.0,140,166,130,138.0
,Erkek-Male,172,139.0,102.0,137.0,96.0,109.0,101.0,117.0,120.0,130.0,101.0,88,88,76,74.0
,Kadın-Female,125,102.0,98.0,100.0,73.0,76.0,74.0,100.0,86.0,74.0,72.0,52,78,54,64.0
,,,,,,,,,,,,,,,,
Kahramanmaraş,Toplam-Total,334,296.0,323.0,290.0,315.0,266.0,267.0,261.0,220.0,233.0,198.0,181,174,149,293.0
,Erkek-Male,177,166.0,176.0,162.0,179.0,149.0,126.0,149.0,132.0,126.0,119.0,108,89,79,149.0
,Kadın-Female,157,130.0,147.0,128.0,136.0,117.0,141.0,112.0,88.0,107.0,79.0,73,85,70,144.0
,,,,,,,,,,,,,,,,
Mardin,Toplam-Total,337,345.0,294.0,317.0,296.0,357.0,270.0,276.0,283.0,306.0,223.0,281,261,205,206.0
,Erkek-Male,172,197.0,156.0,162.0,163.0,212.0,151.0,150.0,154.0,157.0,107.0,167,140,112,111.0
,Kadın-Female,165,148.0,138.0,155.0,133.0,145.0,119.0,126.0,129.0,149.0,116.0,114,121,93,95.0
,,,,,,,,,,,,,,,,
Muğla,Toplam-Total,144,114.0,122.0,97.0,84.0,77.0,78.0,104.0,72.0,78.0,80.0,59,72,78,59.0
,Erkek-Male,87,66.0,54.0,53.0,44.0,36.0,42.0,58.0,31.0,51.0,52.0,37,44,49,34.0
,Kadın-Female,57,48.0,68.0,44.0,40.0,41.0,36.0,46.0,41.0,27.0,28.0,22,28,29,25.0
,,,,,,,,,,,,,,,,
Muş,Toplam-Total,262,186.0,181.0,167.0,154.0,160.0,173.0,164.0,163.0,135.0,128.0,114,119,113,100.0
,Erkek-Male,125,100.0,81.0,85.0,84.0,98.0,90.0,83.0,78.0,61.0,59.0,54,60,55,61.0
,Kadın-Female,137,86.0,100.0,82.0,70.0,62.0,83.0,81.0,85.0,74.0,69.0,60,59,58,39.0
,,,,,,,,,,,,,,,,
Nevşehir,Toplam-Total,45,42.0,35.0,44.0,45.0,31.0,41.0,25.0,41.0,37.0,53.0,43,38,40,36.0
,Erkek-Male,22,28.0,21.0,23.0,21.0,21.0,23.0,12.0,25.0,22.0,30.0,27,19,19,19.0
,Kadın-Female,23,14.0,14.0,21.0,24.0,10.0,18.0,13.0,16.0,15.0,23.0,16,19,21,17.0
,,,,,,,,,,,,,,,,
Niğde,Toplam-Total,80,82.0,57.0,78.0,45.0,63.0,48.0,52.0,44.0,54.0,50.0,44,43,65,42.0
,Erkek-Male,36,43.0,31.0,38.0,17.0,31.0,24.0,28.0,18.0,28.0,30.0,26,25,41,26.0
,Kadın-Female,44,39.0,26.0,40.0,28.0,32.0,24.0,24.0,26.0,26.0,20.0,18,18,24,16.0
,,,,,,,,,,,,,,,,
Ordu,Toplam-Total,149,122.0,124.0,109.0,78.0,80.0,69.0,70.0,90.0,65.0,56.0,39,49,71,35.0
,Erkek-Male,82,70.0,79.0,65.0,38.0,43.0,44.0,39.0,50.0,37.0,21.0,22,27,36,15.0
,Kadın-Female,67,52.0,45.0,44.0,40.0,37.0,25.0,31.0,40.0,28.0,35.0,17,22,35,20.0
,,,,,,,,,,,,,,,,
Rize,Toplam-Total,41,48.0,35.0,50.0,25.0,36.0,22.0,37.0,39.0,34.0,23.0,37,28,23,28.0
,Erkek-Male,24,25.0,21.0,24.0,13.0,24.0,9.0,21.0,26.0,22.0,16.0,19,21,18,18.0
,Kadın-Female,17,23.0,14.0,26.0,12.0,12.0,13.0,16.0,13.0,12.0,7.0,18,7,5,10.0
,,,,,,,,,,,,,,,,
Sakarya,Toplam-Total,223,163.0,157.0,154.0,114.0,116.0,126.0,112.0,138.0,112.0,83.0,106,93,70,85.0
,Erkek-Male,132,82.0,80.0,74.0,66.0,63.0,66.0,73.0,83.0,61.0,50.0,57,50,33,50.0
,Kadın-Female,91,81.0,77.0,80.0,48.0,53.0,60.0,39.0,55.0,51.0,33.0,49,43,37,35.0
,,,,,,,,,,,,,,,,
Samsun,Toplam-Total,233,204.0,152.0,196.0,157.0,179.0,140.0,126.0,125.0,145.0,133.0,113,106,103,105.0
,Erkek-Male,128,108.0,99.0,102.0,84.0,89.0,83.0,77.0,67.0,73.0,65.0,69,57,56,61.0
,Kadın-Female,105,96.0,53.0,94.0,73.0,90.0,57.0,49.0,58.0,72.0,68.0,44,49,47,44.0
,,,,,,,,,,,,,,,,
Siirt,Toplam-Total,144,129.0,174.0,152.0,130.0,142.0,129.0,119.0,107.0,114.0,105.0,94,110,113,72.0
,Erkek-Male,74,58.0,75.0,84.0,67.0,81.0,66.0,67.0,53.0,62.0,57.0,51,56,63,42.0
,Kadın-Female,70,71.0,99.0,68.0,63.0,61.0,63.0,52.0,54.0,52.0,48.0,43,54,50,30.0
,,,,,,,,,,,,,,,,
Sinop,Toplam-Total,39,35.0,32.0,30.0,23.0,22.0,18.0,19.0,15.0,17.0,14.0,17,18,18,14.0
,Erkek-Male,22,19.0,14.0,15.0,15.0,13.0,9.0,12.0,8.0,6.0,9.0,11,10,13,6.0
,Kadın-Female,17,16.0,18.0,15.0,8.0,9.0,9.0,7.0,7.0,11.0,5.0,6,8,5,8.0
,,,,,,,,,,,,,,,,
Sivas,Toplam-Total,146,116.0,122.0,100.0,109.0,80.0,105.0,82.0,82.0,55.0,72.0,64,65,78,47.0
,Erkek-Male,81,67.0,66.0,64.0,66.0,49.0,57.0,42.0,42.0,31.0,31.0,38,34,42,24.0
,Kadın-Female,65,49.0,56.0,36.0,43.0,31.0,48.0,40.0,40.0,24.0,41.0,26,31,36,23.0
,,,,,,,,,,,,,,,,
Tekirdağ,Toplam-Total,149,109.0,113.0,106.0,108.0,137.0,97.0,96.0,123.0,112.0,109.0,97,84,85,107.0
,Erkek-Male,86,53.0,70.0,63.0,59.0,73.0,52.0,48.0,70.0,58.0,66.0,52,42,45,60.0
,Kadın-Female,63,56.0,43.0,43.0,49.0,64.0,45.0,48.0,53.0,54.0,43.0,45,42,40,47.0
,,,,,,,,,,,,,,,,
Tokat,Toplam-Total,186,146.0,146.0,103.0,75.0,91.0,78.0,76.0,62.0,53.0,52.0,42,40,46,47.0
,Erkek-Male,101,89.0,91.0,60.0,44.0,45.0,40.0,40.0,34.0,31.0,24.0,26,23,20,24.0
,Kadın-Female,85,57.0,55.0,43.0,31.0,46.0,38.0,36.0,28.0,22.0,28.0,16,17,26,23.0
,,,,,,,,,,,,,,,,
Trabzon,Toplam-Total,109,100.0,89.0,103.0,99.0,103.0,92.0,72.0,91.0,73.0,59.0,68,70,66,64.0
,Erkek-Male,61,74.0,50.0,49.0,52.0,55.0,47.0,46.0,37.0,42.0,27.0,34,41,38,34.0
,Kadın-Female,48,26.0,39.0,54.0,47.0,48.0,45.0,26.0,54.0,31.0,32.0,34,29,28,30.0
,,,,,,,,,,,,,,,,
Tunceli,Toplam-Total,10,9.0,12.0,9.0,5.0,12.0,10.0,3.0,10.0,5.0,9.0,8,12,9,5.0
,Erkek-Male,5,1.0,6.0,5.0,2.0,4.0,2.0,2.0,5.0,3.0,4.0,4,7,8,3.0
,Kadın-Female,5,8.0,6.0,4.0,3.0,8.0,8.0,1.0,5.0,2.0,5.0,4,5,1,2.0
,,,,,,,,,,,,,,,,
Şanlıurfa,Toplam-Total,903,952.0,961.0,931.0,928.0,1134.0,1151.0,1116.0,1053.0,910.0,988.0,864,982,965,955.0
,Erkek-Male,484,478.0,487.0,463.0,484.0,614.0,620.0,579.0,550.0,505.0,546.0,477,537,526,538.0
,Kadın-Female,419,474.0,474.0,468.0,444.0,520.0,531.0,537.0,503.0,405.0,442.0,387,445,439,417.0
,,,,,,,,,,,,,,,,
Uşak,Toplam-Total,70,53.0,55.0,68.0,63.0,39.0,56.0,35.0,26.0,40.0,48.0,20,41,37,43.0
,Erkek-Male,41,26.0,33.0,28.0,40.0,20.0,34.0,17.0,16.0,24.0,29.0,11,22,23,25.0
,Kadın-Female,29,27.0,22.0,40.0,23.0,19.0,22.0,18.0,10.0,16.0,19.0,9,19,14,18.0
,,,,,,,,,,,,,,,,
Van,Toplam-Total,466,388.0,377.0,283.0,530.0,518.0,490.0,401.0,347.0,326.0,342.0,296,282,230,222.0
,Erkek-Male,228,213.0,196.0,145.0,281.0,308.0,267.0,220.0,180.0,172.0,199.0,152,135,131,128.0
,Kadın-Female,238,175.0,181.0,138.0,249.0,210.0,223.0,181.0,167.0,154.0,143.0,144,147,99,94.0
,,,,,,,,,,,,,,,,
Yozgat,Toplam-Total,98,78.0,81.0,57.0,44.0,67.0,60.0,49.0,43.0,40.0,43.0,49,38,46,37.0
,Erkek-Male,50,38.0,47.0,29.0,24.0,35.0,31.0,30.0,26.0,25.0,26.0,33,23,22,15.0
,Kadın-Female,48,40.0,34.0,28.0,20.0,32.0,29.0,19.0,17.0,15.0,17.0,16,15,24,22.0
,,,,,,,,,,,,,,,,
Zonguldak,Toplam-Total,73,64.0,62.0,79.0,59.0,60.0,56.0,64.0,62.0,45.0,36.0,23,39,34,29.0
,Erkek-Male,41,36.0,31.0,38.0,31.0,32.0,28.0,30.0,36.0,19.0,15.0,14,18,20,16.0
,Kadın-Female,32,28.0,31.0,41.0,28.0,28.0,28.0,34.0,26.0,26.0,21.0,9,21,14,13.0
,,,,,,,,,,,,,,,,
Aksaray,Toplam-Total,127,98.0,97.0,79.0,69.0,79.0,73.0,54.0,61.0,63.0,56.0,45,49,49,48.0
,Erkek-Male,73,48.0,59.0,50.0,37.0,42.0,47.0,30.0,31.0,32.0,26.0,20,31,31,23.0
,Kadın-Female,54,50.0,38.0,29.0,32.0,37.0,26.0,24.0,30.0,31.0,30.0,25,18,18,25.0
,,,,,,,,,,,,,,,,
Bayburt,Toplam-Total,17,13.0,6.0,8.0,10.0,16.0,14.0,8.0,10.0,9.0,11.0,7,6,6,3.0
,Erkek-Male,8,7.0,2.0,4.0,8.0,11.0,6.0,5.0,7.0,5.0,2.0,3,4,4,2.0
,Kadın-Female,9,6.0,4.0,4.0,2.0,5.0,8.0,3.0,3.0,4.0,9.0,4,2,2,1.0
,,,,,,,,,,,,,,,,
Karaman,Toplam-Total,75,51.0,56.0,50.0,35.0,32.0,35.0,32.0,30.0,26.0,24.0,21,27,27,18.0
,Erkek-Male,49,24.0,26.0,18.0,18.0,14.0,19.0,16.0,13.0,16.0,14.0,11,11,16,9.0
,Kadın-Female,26,27.0,30.0,32.0,17.0,18.0,16.0,16.0,17.0,10.0,10.0,10,16,11,9.0
,,,,,,,,,,,,,,,,
Kırıkkale,Toplam-Total,52,31.0,37.0,43.0,33.0,48.0,26.0,41.0,31.0,27.0,27.0,15,19,23,17.0
,Erkek-Male,34,19.0,15.0,25.0,17.0,26.0,10.0,28.0,21.0,14.0,13.0,10,9,14,13.0
,Kadın-Female,18,12.0,22.0,18.0,16.0,22.0,16.0,13.0,10.0,13.0,14.0,5,10,9,4.0
,,,,,,,,,,,,,,,,
Batman,Toplam-Total,185,174.0,196.0,208.0,244.0,235.0,191.0,180.0,169.0,149.0,144.0,160,145,144,109.0
,Erkek-Male,109,94.0,109.0,109.0,137.0,131.0,104.0,108.0,87.0,85.0,89.0,90,66,67,60.0
,Kadın-Female,76,80.0,87.0,99.0,107.0,104.0,87.0,72.0,82.0,64.0,55.0,70,79,77,49.0
,,,,,,,,,,,,,,,,
Şırnak,Toplam-Total,260,201.0,225.0,233.0,211.0,262.0,234.0,204.0,182.0,213.0,171.0,225,198,146,153.0
,Erkek-Male,126,128.0,121.0,118.0,101.0,149.0,113.0,107.0,93.0,117.0,82.0,125,103,90,89.0
,Kadın-Female,134,73.0,104.0,115.0,110.0,113.0,121.0,97.0,89.0,96.0,89.0,100,95,56,64.0
,,,,,,,,,,,,,,,,
Bartın,Toplam-Total,27,24.0,23.0,20.0,14.0,28.0,8.0,20.0,12.0,27.0,9.0,6,15,15,19.0
,Erkek-Male,13,14.0,10.0,14.0,10.0,19.0,5.0,11.0,4.0,14.0,6.0,4,8,9,10.0
,Kadın-Female,14,10.0,13.0,6.0,4.0,9.0,3.0,9.0,8.0,13.0,3.0,2,7,6,9.0
,,,,,,,,,,,,,,,,
Ardahan,Toplam-Total,30,23.0,18.0,28.0,20.0,17.0,14.0,15.0,14.0,9.0,16.0,12,7,6,11.0
,Erkek-Male,18,14.0,13.0,18.0,14.0,14.0,6.0,8.0,11.0,5.0,9.0,6,2,2,6.0
,Kadın-Female,12,9.0,5.0,10.0,6.0,3.0,8.0,7.0,3.0,4.0,7.0,6,5,4,5.0
,,,,,,,,,,,,,,,,
Iğdır,Toplam-Total,61,54.0,41.0,41.0,56.0,64.0,46.0,47.0,39.0,38.0,33.0,32,37,30,36.0
,Erkek-Male,36,31.0,24.0,18.0,25.0,36.0,29.0,27.0,21.0,16.0,18.0,18,16,15,23.0
,Kadın-Female,25,23.0,17.0,23.0,31.0,28.0,17.0,20.0,18.0,22.0,15.0,14,21,15,13.0
,,,,,,,,,,,,,,,,
Yalova,Toplam-Total,25,15.0,25.0,24.0,18.0,24.0,21.0,23.0,33.0,29.0,18.0,27,31,19,27.0
,Erkek-Male,17,7.0,8.0,17.0,4.0,16.0,15.0,13.0,13.0,17.0,11.0,17,21,14,13.0
,Kadın-Female,8,8.0,17.0,7.0,14.0,8.0,6.0,10.0,20.0,12.0,7.0,10,10,5,14.0
,,,,,,,,,,,,,,,,
Karabük,Toplam-Total,33,26.0,21.0,21.0,18.0,13.0,14.0,13.0,14.0,24.0,7.0,10,12,18,22.0
,Erkek-Male,18,16.0,13.0,14.0,11.0,7.0,5.0,8.0,7.0,11.0,4.0,7,5,11,14.0
,Kadın-Female,15,10.0,8.0,7.0,7.0,6.0,9.0,5.0,7.0,13.0,3.0,3,7,7,8.0
,,,,,,,,,,,,,,,,
Kilis,Toplam-Total,53,46.0,40.0,46.0,70.0,76.0,54.0,39.0,51.0,41.0,38.0,32,32,29,37.0
,Erkek-Male,25,28.0,25.0,31.0,42.0,38.0,25.0,17.0,37.0,23.0,22.0,19,19,21,16.0
,Kadın-Female,28,18.0,15.0,15.0,28.0,38.0,29.0,22.0,14.0,18.0,16.0,13,13,8,21.0
,,,,,,,,,,,,,,,,
Osmaniye,Toplam-Total,135,129.0,137.0,119.0,117.0,105.0,101.0,114.0,83.0,103.0,73.0,70,61,72,78.0
,Erkek-Male,69,70.0,72.0,64.0,61.0,56.0,54.0,69.0,41.0,54.0,39.0,40,30,43,45.0
,Kadın-Female,66,59.0,65.0,55.0,56.0,49.0,47.0,45.0,42.0,49.0,34.0,30,31,29,33.0
,,,,,,,,,,,,,,,,
Düzce,Toplam-Total,47,51.0,63.0,74.0,38.0,55.0,45.0,53.0,37.0,43.0,41.0,51,46,33,38.0
,Erkek-Male,26,34.0,31.0,42.0,20.0,29.0,22.0,32.0,16.0,24.0,15.0,31,32,16,23.0
,Kadın-Female,21,17.0,32.0,32.0,18.0,26.0,23.0,21.0,21.0,19.0,26.0,20,14,17,15.0
Kaynak: Nüfus ve Vatandaşlık İşleri Genel Müdürlüğü,,,,,,,,,,,,,,,,
               Sağlık Bakanlığı,,,,,,,,,,,,,,,,
Source: General Directorate of Civil Registration and Citizenship Affairs,,,,,,,,,,,,,,,,
              Ministry of Health,,,,,,,,,,,,,,,,
(r) Ölüm verileri güncel idari kayıtlarla revize edilmiştir.,,,,,,,,,,,,,,,,
(r) Death data were revised with updated administrative records.,,,,,,,,,,,,,,,,
